{
  "name": "keju-picture",
  "reference_size": [
    1822,
    1425
  ],
  "question_rect": [
    0.4994511525795829,
    0.3017543859649123,
    0.3402854006586169,
    0.23157894736842105
  ],
  "option_rects": [
    [
      0.49396267837541163,
      0.5543859649122806,
      0.16465422612513722,
      0.0912280701754386
    ],
    [
      0.672338090010977,
      0.5543859649122806,
      0.16739846322722282,
      0.0912280701754386
    ],
    [
      0.49396267837541163,
      0.6736842105263158,
      0.16465422612513722,
      0.0912280701754386
    ],
    [
      0.672338090010977,
      0.6736842105263158,
      0.16739846322722282,
      0.0912280701754386
    ]
  ],
  "anchors": [
    {
      "reference_rect": [
        0.8435784851811197,
        0.1726315789473684,
        0.02305159165751921,
        0.029473684210526315
      ],
      "search_rect": [
        0.8205268935236004,
        0.1431578947368421,
        0.06915477497255763,
        0.08842105263157894
      ],
      "template_path": "anchors/keju-picture-close.png",
      "threshold": 0.85,
      "scale_range": [
        0.9,
        1.1
      ]
    },
    {
      "reference_rect": [
        0.4802414928649835,
        0.22456140350877193,
        0.042810098792535674,
        0.05473684210526316
      ],
      "search_rect": [
        0.43743139407244785,
        0.16982456140350877,
        0.12843029637760703,
        0.16421052631578947
      ],
      "template_path": "anchors/keju-picture-question-badge.png",
      "threshold": 0.85,
      "scale_range": [
        0.9,
        1.1
      ]
    }
  ]
}
