{
  "name": "keju-text",
  "reference_size": [
    1816,
    1432
  ],
  "question_rect": [
    0.3744493392070485,
    0.31424581005586594,
    0.45704845814977973,
    0.13268156424581007
  ],
  "option_rects": [
    [
      0.3634361233480176,
      0.5027932960893855,
      0.22577092511013216,
      0.08729050279329609
    ],
    [
      0.6139867841409692,
      0.5027932960893855,
      0.22852422907488987,
      0.08729050279329609
    ],
    [
      0.3634361233480176,
      0.6215083798882681,
      0.22577092511013216,
      0.08729050279329609
    ],
    [
      0.6139867841409692,
      0.6215083798882681,
      0.22852422907488987,
      0.08729050279329609
    ]
  ],
  "anchors": [
    {
      "reference_rect": [
        0.8469162995594713,
        0.19553072625698323,
        0.023127753303964757,
        0.029329608938547486
      ],
      "search_rect": [
        0.75,
        0.12,
        0.16,
        0.24
      ],
      "template_path": "anchors/keju-text-close.png",
      "threshold": 0.8,
      "scale_range": [
        0.9,
        1.1
      ]
    },
    {
      "reference_rect": [
        0.3447136563876652,
        0.26606145251396646,
        0.042951541850220265,
        0.05446927374301676
      ],
      "search_rect": [
        0.28,
        0.18,
        0.18,
        0.24
      ],
      "template_path": "anchors/keju-text-question-badge.png",
      "threshold": 0.85,
      "scale_range": [
        0.9,
        1.1
      ]
    }
  ]
}
