{
  "name": "keju-exam",
  "reference_size": [
    1280,
    1027
  ],
  "question_rect": [
    0.41015625,
    0.38461538461538464,
    0.359375,
    0.0730282375851996
  ],
  "option_rects": [
    [
      0.40625,
      0.5258033106134372,
      0.171875,
      0.06329113924050633
    ],
    [
      0.609375,
      0.5258033106134372,
      0.171875,
      0.06329113924050633
    ],
    [
      0.40625,
      0.6183057448880234,
      0.171875,
      0.06329113924050633
    ],
    [
      0.609375,
      0.6183057448880234,
      0.171875,
      0.06329113924050633
    ]
  ],
  "anchors": [
    {
      "reference_rect": [
        0.77734375,
        0.2745861733203505,
        0.0265625,
        0.0311587147030185
      ],
      "search_rect": [
        0.72,
        0.2,
        0.16,
        0.2
      ],
      "template_path": "anchors/anchor-def5046529dc4397997786c94c239b43-1.png",
      "threshold": 0.85,
      "scale_range": [
        0.9,
        1.1
      ]
    },
    {
      "reference_rect": [
        0.375,
        0.32035053554040893,
        0.04296875,
        0.053554040895813046
      ],
      "search_rect": [
        0.32,
        0.25,
        0.18,
        0.2
      ],
      "template_path": "anchors/anchor-def5046529dc4397997786c94c239b43-2.png",
      "threshold": 0.85,
      "scale_range": [
        0.9,
        1.1
      ]
    }
  ]
}
