{
  "reference_size": [
    870,
    701
  ],
  "question_rect": [
    0.503448275862069,
    0.38231098430813126,
    0.27241379310344827,
    0.12838801711840228
  ],
  "option_rects": [
    [
      0.4885057471264368,
      0.5563480741797432,
      0.14942528735632185,
      0.08273894436519258
    ],
    [
      0.632183908045977,
      0.5563480741797432,
      0.14942528735632185,
      0.08273894436519258
    ],
    [
      0.4885057471264368,
      0.6490727532097005,
      0.14942528735632185,
      0.08273894436519258
    ],
    [
      0.632183908045977,
      0.6490727532097005,
      0.14942528735632185,
      0.08273894436519258
    ]
  ],
  "anchors": [
    {
      "reference_rect": [
        0.48735632183908045,
        0.2995720399429387,
        0.03908045977011494,
        0.05420827389443652
      ],
      "search_rect": [
        0.4482758620689655,
        0.24536376604850213,
        0.11724137931034483,
        0.16262482168330955
      ],
      "template_path": "anchors/anchor-4dbb76622bbc437b95952ba7c450b03c-1.png",
      "threshold": 0.85,
      "scale_range": [
        0.9,
        1.1
      ]
    },
    {
      "reference_rect": [
        0.628735632183908,
        0.6533523537803139,
        0.040229885057471264,
        0.06704707560627675
      ],
      "search_rect": [
        0.5885057471264368,
        0.5863052781740371,
        0.1206896551724138,
        0.20114122681883023
      ],
      "template_path": "anchors/anchor-4dbb76622bbc437b95952ba7c450b03c-2.png",
      "threshold": 0.85,
      "scale_range": [
        0.9,
        1.1
      ]
    }
  ]
}
