{
  "reference_size": [
    1554,
    1247
  ],
  "question_rect": [
    0.41055341055341055,
    0.38492381716118684,
    0.3667953667953668,
    0.0681635926222935
  ],
  "option_rects": [
    [
      0.39,
      0.52,
      0.19,
      0.07
    ],
    [
      0.59,
      0.52,
      0.19,
      0.07
    ],
    [
      0.39,
      0.615,
      0.19,
      0.07
    ],
    [
      0.59,
      0.615,
      0.19,
      0.07
    ]
  ],
  "anchors": [
    {
      "reference_rect": [
        0.37516087516087515,
        0.3199679230152366,
        0.043114543114543116,
        0.053728949478749
      ],
      "search_rect": [
        0.33204633204633205,
        0.26623897353648757,
        0.12934362934362933,
        0.161186848436247
      ],
      "template_path": "anchors/anchor-05ce546264314b6aa50498fed03d0e0a-1.png",
      "threshold": 0.85,
      "scale_range": [
        0.9,
        1.1
      ]
    },
    {
      "reference_rect": [
        0.5842985842985843,
        0.6174819566960705,
        0.039897039897039896,
        0.060144346431435444
      ],
      "search_rect": [
        0.5444015444015444,
        0.5573376102646351,
        0.11969111969111969,
        0.18043303929430635
      ],
      "template_path": "anchors/anchor-05ce546264314b6aa50498fed03d0e0a-2.png",
      "threshold": 0.85,
      "scale_range": [
        0.9,
        1.1
      ]
    }
  ]
}
